theta,pitch,note,note_start_secs,note_duration_secs,cx,cy
0.5230533602070506,45.0,0.0,1.37787321875,1.37787321875,22.478741193127373,38.983409219466665
1.0466521358053495,47.0,0.0,2.75718321875,1.37787321875,40.69037066265857,23.522196652002002
1.308451523604499,47.0,0.0,3.44683821875,0.68821821875,45.39187238052182,12.189254357442072
1.4393512175040737,50.0,0.0,3.79166571875,0.34339071875,49.5686761458327,6.553346103293858
1.5702509114036485,48.0,0.0,4.13649321875,0.34339071875,47.9999928605294,0.02617993748191853
2.0938496870019474,45.0,0.0,5.51580321875,1.37787321875,38.983409219466665,-22.47874119312738
2.617448462600246,48.0,0.0,6.89511321875,1.37787321875,24.022668921193535,-41.556123229949186
3.141047238198545,45.0,0.0,8.27442321875,1.37787321875,0.02454369138931137,-44.99999330674631
3.4028466259976944,44.0,0.0,8.96407821875,0.68821821875,-11.36485573606681,-42.50694124608815
3.664646013796844,40.0,0.0,9.65373321875,0.68821821875,-19.98110328277989,-34.65191930619259
4.188244789395143,45.0,0.0,11.03304321875,1.37787321875,-38.95886552807737,-22.521252113618925
4.711843564993441,45.0,0.0,12.41235321875,1.37787321875,-44.99999330674631,-0.024543691389314122
5.2354423405917405,47.0,0.0,13.79166321875,1.37787321875,-40.71600518477629,23.477796357266367
5.49724172839089,47.0,0.0,14.48131821875,0.68821821875,-33.25214011699592,33.21588742815207
5.628141422290464,50.0,0.0,14.82614571875,0.34339071875,-30.459702278160606,39.65105972260789
5.75904111619004,48.0,0.0,15.17097321875,0.34339071875,-24.02266892119352,41.55612322994919
6.282639891788338,45.0,0.0,16.55028321875,1.37787321875,-0.024543691389316877,44.99999330674631
