decade,similarity_score
2000,0.8116666666666666
2010,0.757037037037037
