artist,similarity_score
beyonce,0.8160000000000001
bruno mars,0.7727272727272727
katy perry,0.774
rihanna,0.7336363636363636
usher,0.79
